-- phpMyAdmin SQL Dump
-- version 4.8.3
-- https://www.phpmyadmin.net/
--
-- Host: 127.0.0.1
-- Czas generowania: 07 Mar 2019, 16:00
-- Wersja serwera: 10.1.37-MariaDB
-- Wersja PHP: 7.2.12

SET SQL_MODE = "NO_AUTO_VALUE_ON_ZERO";
SET AUTOCOMMIT = 0;
START TRANSACTION;
SET time_zone = "+00:00";


/*!40101 SET @OLD_CHARACTER_SET_CLIENT=@@CHARACTER_SET_CLIENT */;
/*!40101 SET @OLD_CHARACTER_SET_RESULTS=@@CHARACTER_SET_RESULTS */;
/*!40101 SET @OLD_COLLATION_CONNECTION=@@COLLATION_CONNECTION */;
/*!40101 SET NAMES utf8mb4 */;

--
-- Baza danych: `wskazniki`
--

-- --------------------------------------------------------

--
-- Struktura tabeli dla tabeli `item`
--

CREATE TABLE `item` (
  `ID` int(11) NOT NULL,
  `Name` text COLLATE utf8_polish_ci NOT NULL
) ENGINE=InnoDB DEFAULT CHARSET=utf8 COLLATE=utf8_polish_ci;

--
-- Zrzut danych tabeli `item`
--

INSERT INTO `item` (`ID`, `Name`) VALUES
(1, 'ADDCO BOOST'),
(2, 'ADDCO OilPressure'),
(3, 'ADDCO OilTemp'),
(4, 'ADDCO EGT'),
(5, 'ADDCO AFR'),
(6, 'ADDCO WaterTemp'),
(10, 'DEFI Boost'),
(11, 'DEFI OilPressure'),
(12, 'DEFI OilTemp'),
(13, 'DEFI EGT'),
(20, 'Greddy Boost'),
(21, 'Greddy OilPressure'),
(22, 'Greddy OilTemp'),
(23, 'Greddy EGT'),
(30, 'Nakladki 4 x BREMBO Red'),
(31, 'Nakladki 4 x BREMBO Blue'),
(32, 'Nakladki 4 x BREMBO Yellow'),
(33, 'Nakladki 4 x BREMBO Gold'),
(40, 'Control arms BMW E36 E46 wahacze regul Maxpeedingrods 2szt'),
(42, 'Zawieszenie gwintowane E39 bez regul'),
(43, 'Zawieszenie gwintowane E36 z regulacja'),
(44, 'Zawieszenie gwintowane BMW E36 BEZ regul'),
(45, 'Zawieszenie gwintowane E46 z regulacja'),
(46, 'Zawieszenie gwintowane BMW E46 BEZ regul'),
(47, 'Zawieszenie gwintowane Subaru Impreza WRX GDB regul'),
(48, 'Zawieszenie gwintowane E60 BMW'),
(49, 'Plates E46 Camber plates Maxpeedingroods 2szt.'),
(50, 'Lotki male 4 szt.'),
(51, 'Lotki duze 6 szt.'),
(52, 'Lotki plaskie plastik 4 szt.'),
(53, 'Lotki duze 6 szt. - czarne'),
(60, 'Blow Off 1.8t'),
(61, 'Adaptery skretu BMW E36 black'),
(62, 'Regulator sily hamowania korektor'),
(64, 'Blow Off 1.8t - NIE Hybrydowy'),
(70, 'Obudowa plaska potrojna 3x52mm'),
(71, 'Obudowa na slupek potrojna 3x52mm'),
(80, 'MP3 AUX USB Adapter 8PIN'),
(90, 'Podstawka pod filtr oleju'),
(98, 'Dystans 5mm'),
(99, 'Daszek maly 52mm'),
(100, 'OilPressure sensor czujnik'),
(101, 'Boost sensor czujnik map'),
(102, 'EGT sensor czujnik termopara'),
(109, 'Trojnik M12x1.5 x 1/8NPT'),
(110, 'Adapter do turbo wezyk Quick tap');

-- --------------------------------------------------------

--
-- Struktura tabeli dla tabeli `seller`
--

CREATE TABLE `seller` (
  `ID` int(11) NOT NULL,
  `Seller_name` text COLLATE utf8_polish_ci NOT NULL
) ENGINE=InnoDB DEFAULT CHARSET=utf8 COLLATE=utf8_polish_ci;

--
-- Zrzut danych tabeli `seller`
--

INSERT INTO `seller` (`ID`, `Seller_name`) VALUES
(0, 'Test'),
(1, 'PIVOT CAR ELECTRICAL PARTS'),
(2, 'HANSSENTUNE Racing Store'),
(3, 'LZONE PERFORMANCE Store'),
(4, 'HUBsport DE Store'),
(5, 'Performance Tuning Parts Store'),
(6, 'Car Top ACE Store'),
(7, 'REPLAITZ Store'),
(8, 'EPMAN Racing Store'),
(9, 'PQY RACING Store'),
(10, 'banwinoto Official Store'),
(11, 'Minespeed Store'),
(12, 'TOSPORT RACING Store'),
(13, 'WLR racing Store'),
(14, 'WarmHome Store'),
(15, 'MaxPeedingRods - official from webpage'),
(16, 'TeamOne Store'),
(17, 'CoCo Car Parts'),
(18, 'Awesome for you store'),
(19, 'Kris Store'),
(20, 'ToTop Store'),
(21, 'FlyingCar Store'),
(22, 'S-life Store');

-- --------------------------------------------------------

--
-- Struktura tabeli dla tabeli `wskazniki`
--

CREATE TABLE `wskazniki` (
  `ID` int(11) NOT NULL,
  `Item_ID` int(11) NOT NULL,
  `Buy_date` date NOT NULL,
  `Sell_date` date DEFAULT NULL,
  `Buy_price` decimal(10,2) NOT NULL,
  `Cash_on_delivery` decimal(10,2) DEFAULT NULL,
  `If_cash_on_delivery` tinyint(1) DEFAULT NULL,
  `Sell_price` decimal(10,2) DEFAULT NULL,
  `seller_ID` int(11) NOT NULL,
  `delivered_to_Poland` int(11) DEFAULT NULL,
  `Last_action_date` datetime DEFAULT NULL,
  `Notes` text COLLATE utf8_polish_ci
) ENGINE=InnoDB DEFAULT CHARSET=utf8 COLLATE=utf8_polish_ci;

--
-- Zrzut danych tabeli `wskazniki`
--

INSERT INTO `wskazniki` (`ID`, `Item_ID`, `Buy_date`, `Sell_date`, `Buy_price`, `Cash_on_delivery`, `If_cash_on_delivery`, `Sell_price`, `seller_ID`, `delivered_to_Poland`, `Last_action_date`, `Notes`) VALUES
(1, 30, '2018-11-07', '2019-01-22', '27.81', NULL, NULL, '55.19', 5, 3, '2019-01-22 20:13:27', 'B_U_N_C_H'),
(2, 1, '2018-11-23', '2019-02-07', '59.72', NULL, NULL, '93.84', 1, 3, '2019-02-07 19:42:19', 'Client:43254588'),
(3, 1, '2018-11-23', '2019-02-13', '59.72', NULL, NULL, '93.84', 1, 3, '2019-02-13 20:12:13', 'wercia57'),
(4, 1, '2018-11-23', '2019-02-20', '59.72', NULL, NULL, '91.08', 1, 3, '2019-02-20 21:05:50', '!g_57353479'),
(5, 1, '2018-11-23', '2019-02-21', '59.72', NULL, NULL, '91.08', 1, 3, '2019-02-21 20:58:41', 'Client:43778613'),
(8, 30, '2018-11-07', '2019-01-31', '27.81', NULL, NULL, '55.19', 5, 3, '2019-01-31 18:38:11', 'ssbb4'),
(9, 30, '2018-11-07', '2019-01-31', '27.81', NULL, NULL, '55.19', 5, 3, '2019-01-31 18:38:19', 'ssbb4'),
(10, 30, '2018-11-07', '2019-02-03', '27.81', NULL, NULL, '55.19', 5, 3, '2019-02-03 21:35:08', 'PiwneOczy'),
(11, 30, '2018-10-30', '2018-12-17', '29.05', '85.00', 1, '61.64', 5, 3, '2018-12-27 08:15:29', NULL),
(12, 30, '2018-10-30', '2018-12-28', '29.05', NULL, NULL, '55.19', 5, 3, '2018-12-28 15:35:26', ''),
(13, 30, '2018-10-29', '2019-01-02', '28.89', NULL, NULL, '55.19', 5, 3, '2019-01-02 18:36:36', 'daro8311'),
(14, 30, '2018-10-29', '2019-01-08', '28.89', NULL, NULL, '55.19', 5, 3, '2019-01-08 20:36:38', 'artur2341 '),
(15, 31, '2018-10-29', NULL, '28.89', NULL, NULL, NULL, 5, 1, NULL, NULL),
(16, 33, '2018-09-21', '2019-01-28', '34.83', NULL, NULL, '64.40', 5, 3, '2019-01-28 21:16:21', 'stimulating'),
(17, 33, '2018-09-21', '2019-02-14', '34.83', NULL, NULL, '64.40', 5, 3, '2019-02-14 18:35:26', '22karasiek'),
(18, 33, '2018-09-21', '2019-02-20', '34.83', '87.50', 1, '64.40', 5, 3, '2019-03-07 15:59:53', 'Client:48605621'),
(19, 33, '2018-09-21', '2019-02-21', '34.83', NULL, NULL, '64.40', 5, 3, '2019-02-21 21:10:10', 'Client:45310674'),
(20, 52, '2018-09-26', '2018-12-28', '18.48', NULL, NULL, '32.20', 13, 3, '2018-12-28 15:36:11', ' kemp4'),
(21, 52, '2018-09-26', '2019-01-12', '18.48', '52.50', 1, '35.00', 13, 3, '2019-01-21 10:02:23', 'SMS Stasiak'),
(22, 52, '2018-09-26', NULL, '18.48', NULL, NULL, NULL, 13, 1, NULL, NULL),
(23, 52, '2018-09-26', NULL, '18.48', NULL, NULL, NULL, 13, 1, NULL, NULL),
(24, 52, '2018-09-26', NULL, '18.48', NULL, NULL, NULL, 13, 1, NULL, NULL),
(25, 50, '2018-10-18', '2019-02-04', '9.58', NULL, NULL, '26.68', 10, 3, '2019-02-04 18:41:14', 'Saffirq'),
(26, 50, '2018-10-18', '2019-02-07', '9.58', '46.50', 1, '26.68', 10, 3, '2019-02-15 18:49:59', 'irenab7'),
(27, 50, '2018-10-18', '2019-02-13', '9.58', NULL, NULL, '26.68', 10, 3, '2019-02-13 20:13:13', 'kasiulisia'),
(28, 50, '2018-10-18', NULL, '9.58', NULL, NULL, NULL, 10, 1, NULL, NULL),
(29, 51, '2018-10-18', '2018-12-13', '11.35', NULL, NULL, '45.08', 9, 3, '2018-12-13 11:17:33', NULL),
(30, 51, '2018-10-18', '2019-01-24', '11.35', NULL, NULL, '40.48', 9, 3, '2019-01-24 20:20:35', 'kyngynie'),
(31, 51, '2018-10-18', '2019-01-24', '11.35', NULL, NULL, '40.48', 9, 3, '2019-01-24 20:57:50', 'pawelo20009'),
(32, 51, '2018-10-18', '2019-02-20', '11.35', '63.50', 1, '41.40', 9, 3, '2019-02-28 18:51:17', 'pawelo20009'),
(37, 100, '2018-08-05', '2018-11-28', '26.00', NULL, NULL, '51.52', 1, 1, NULL, NULL),
(38, 100, '2018-08-05', '2019-01-12', '26.00', NULL, NULL, '45.99', 1, 3, '2019-01-12 13:33:17', ' emjot11'),
(39, 5, '2018-08-05', '2018-12-17', '73.86', '213.00', 1, '87.40', 1, 3, '2018-12-27 08:16:11', NULL),
(40, 5, '2018-08-05', '2018-12-17', '73.86', '213.00', 1, '88.40', 1, 3, '2018-12-27 08:16:11', NULL),
(41, 5, '2018-08-05', NULL, '73.86', NULL, NULL, NULL, 1, 1, NULL, NULL),
(42, 6, '2018-08-06', NULL, '73.60', NULL, NULL, NULL, 1, 1, NULL, NULL),
(43, 90, '2018-08-22', '2018-12-13', '35.62', NULL, NULL, '55.93', 1, 3, '2018-12-13 11:18:16', NULL),
(44, 90, '2018-08-22', '2018-12-13', '35.62', NULL, NULL, '55.93', 1, 3, '2018-12-13 11:18:27', NULL),
(45, 90, '2018-08-22', NULL, '35.62', NULL, NULL, NULL, 1, 1, NULL, NULL),
(46, 110, '2018-08-28', '2019-02-04', '10.69', NULL, NULL, '23.00', 4, 3, '2019-02-04 18:40:35', 'Client:39299990'),
(47, 110, '2018-08-28', '2019-02-06', '10.69', '256.99', 1, '23.00', 4, 3, '2019-02-14 18:20:07', 'rafalprzybyla'),
(48, 110, '2018-08-28', '2019-02-10', '10.69', NULL, NULL, '23.00', 4, 3, '2019-02-10 19:22:09', 'piter78-p1'),
(49, 110, '2018-08-28', NULL, '10.69', NULL, NULL, NULL, 4, 1, NULL, NULL),
(50, 110, '2018-08-28', NULL, '10.69', NULL, NULL, NULL, 4, 1, NULL, NULL),
(51, 21, '2018-08-31', '2018-12-10', '126.65', '678.00', 1, '183.99', 2, 3, '2018-12-18 08:22:09', NULL),
(52, 80, '2018-09-10', '2018-11-29', '81.36', NULL, NULL, '150.40', 6, 3, '2018-12-03 00:09:10', NULL),
(53, 4, '2018-09-25', '2018-12-28', '67.87', '137.00', 1, '105.80', 1, 3, '2019-01-07 19:28:42', '621500936804460229526122 '),
(54, 4, '2018-09-25', '2019-01-02', '67.87', '237.00', 1, '107.80', 1, 3, '2019-01-09 20:28:03', 'agtelszczecinek'),
(55, 109, '2018-09-26', '2018-12-10', '25.88', '678.00', 1, '31.28', 12, 3, '2018-12-18 08:22:30', NULL),
(56, 109, '2018-09-26', '2018-12-11', '25.88', NULL, NULL, '38.50', 12, 3, '2018-12-11 13:42:42', NULL),
(57, 109, '2018-09-26', '2018-12-11', '25.88', NULL, NULL, '38.50', 12, 3, '2018-12-11 13:42:46', NULL),
(58, 109, '2018-09-26', '2018-12-13', '25.88', NULL, NULL, '31.28', 12, 3, '2018-12-13 11:16:29', NULL),
(59, 109, '2018-09-26', '2019-01-07', '25.88', '58.90', 1, '41.40', 12, 3, '2019-01-15 11:04:18', 'mv8j'),
(60, 70, '2018-09-27', '2018-11-28', '10.84', NULL, NULL, '27.60', 11, 1, NULL, NULL),
(61, 70, '2018-09-27', NULL, '10.84', NULL, NULL, NULL, 11, 1, NULL, NULL),
(62, 3, '2018-10-03', '2018-12-05', '78.11', NULL, NULL, '101.78', 1, 3, '2018-12-05 08:50:04', NULL),
(63, 3, '2018-10-03', '2019-01-02', '78.11', '237.00', 1, '91.08', 1, 3, '2019-01-09 20:28:00', 'agtelszczecinek'),
(64, 3, '2018-10-03', '2019-01-28', '78.11', NULL, NULL, '0.00', 1, 3, '2019-01-28 21:05:38', 'sprawdziÄ‡ bÅ‚Ä…d'),
(65, 12, '2018-10-03', NULL, '100.26', NULL, NULL, NULL, 8, 1, NULL, NULL),
(66, 12, '2018-10-03', NULL, '100.26', NULL, NULL, NULL, 8, 1, NULL, NULL),
(67, 1, '2018-10-08', '2018-12-05', '62.04', NULL, NULL, '127.98', 1, 3, '2018-12-05 08:49:28', NULL),
(68, 60, '2018-10-08', '2018-11-28', '51.09', NULL, NULL, '110.40', 3, 1, NULL, NULL),
(69, 20, '2018-10-10', '2018-12-03', '103.00', NULL, NULL, '172.70', 2, 3, '2018-12-03 09:14:21', NULL),
(70, 20, '2018-10-16', '2018-12-10', '134.52', '678.00', 1, '183.99', 2, 3, '2018-12-18 08:22:50', NULL),
(71, 20, '2018-10-16', '2018-12-17', '134.52', '213.00', 1, '183.99', 2, 3, '2018-12-27 08:16:13', NULL),
(72, 80, '2018-10-23', '2018-12-03', '83.32', '178.00', 1, '150.40', 6, 3, '2018-12-13 11:13:25', NULL),
(73, 80, '2018-10-23', '2018-12-07', '83.32', '168.00', 1, '150.00', 6, 3, '2018-12-18 08:33:58', NULL),
(74, 80, '2018-10-23', '2018-12-10', '83.32', '168.00', 1, '150.00', 6, 3, '2019-01-09 20:28:08', NULL),
(75, 80, '2018-10-27', '2018-12-10', '83.32', NULL, NULL, '150.40', 6, 3, '2018-12-10 08:38:49', NULL),
(76, 80, '2018-10-27', '2018-12-13', '83.32', NULL, NULL, '150.40', 6, 3, '2018-12-13 11:17:07', NULL),
(77, 80, '2018-10-27', '2018-12-17', '83.32', '183.00', 1, '155.10', 6, 3, '2018-12-27 08:15:48', NULL),
(78, 80, '2018-10-27', '2018-12-17', '83.32', '178.00', 1, '150.40', 6, 3, '2018-12-27 08:16:03', NULL),
(79, 1, '2018-10-27', '2018-12-05', '85.23', '160.00', 1, '139.00', 1, 3, '2018-12-18 09:02:17', NULL),
(80, 23, '2018-10-30', '2018-12-10', '128.40', '678.00', 1, '202.39', 2, 3, '2018-12-18 08:22:55', NULL),
(81, 23, '2018-10-30', '2019-01-09', '128.40', NULL, NULL, '202.40', 2, 3, '2019-01-09 20:29:08', 'Plewik93'),
(82, 2, '2018-10-30', '2018-11-28', '65.49', NULL, NULL, '105.80', 1, 1, NULL, NULL),
(83, 2, '2018-10-30', '2018-12-05', '65.49', NULL, NULL, '0.00', 1, 3, '2018-12-05 08:33:42', NULL),
(84, 2, '2018-10-30', '2018-12-20', '65.49', '125.00', 1, '104.00', 1, 3, '2018-12-28 15:41:06', NULL),
(85, 2, '2018-10-30', NULL, '65.49', NULL, NULL, NULL, 1, 1, NULL, NULL),
(86, 101, '2018-11-07', '2018-11-29', '20.77', NULL, NULL, '64.40', 4, 1, '2018-11-29 00:00:00', NULL),
(87, 101, '2018-11-07', '2018-12-05', '20.77', '88.00', 1, '64.40', 4, 3, '2018-12-13 11:13:07', NULL),
(88, 101, '2018-11-07', '2018-12-17', '20.77', '88.00', 1, '64.40', 4, 3, '2018-12-27 08:15:37', NULL),
(89, 101, '2018-11-07', '2019-01-16', '20.77', '87.50', 1, '64.40', 4, 3, '2019-01-23 23:00:09', 'Client:47410218'),
(90, 101, '2018-11-07', '2019-01-18', '20.77', NULL, NULL, '64.40', 4, 3, '2019-01-18 10:11:54', 'Dragonstarsc '),
(91, 4, '2018-11-11', '2019-01-29', '66.62', '141.00', 1, '110.48', 1, 3, '2019-02-07 17:51:41', 'Milusia012 '),
(92, 4, '2018-11-11', '2019-02-04', '66.62', NULL, NULL, '104.88', 1, 3, '2019-02-04 18:42:26', 'yelloworange6'),
(93, 4, '2018-11-11', '2019-02-20', '66.62', '136.00', 1, '104.88', 1, 3, '2019-02-28 18:51:35', 'annaosipiuk2012 '),
(94, 4, '2018-11-11', '2019-02-20', '66.62', NULL, NULL, '105.79', 1, 3, '2019-02-20 21:06:14', 'maniek9517'),
(95, 1, '2018-11-11', '2019-02-21', '59.80', NULL, NULL, '91.08', 1, 3, '2019-02-21 20:59:07', 'morzetu3'),
(96, 1, '2018-11-11', '2019-02-26', '59.80', NULL, NULL, '91.08', 1, 3, '2019-02-26 19:26:54', 'Radzzzo6 '),
(97, 1, '2018-11-11', '2019-03-03', '59.80', NULL, NULL, '91.08', 1, 3, '2019-03-03 19:12:38', 'monikaz1996'),
(98, 1, '2018-11-11', '2019-03-05', '59.80', NULL, NULL, '95.00', 1, 3, '2019-03-05 20:33:56', 'Jacek PoczÄ…tek email'),
(99, 100, '2018-11-13', '2019-01-22', '22.41', '67.49', 1, '45.99', 1, 3, '2019-01-30 17:06:17', ' mariuszek80_as'),
(100, 100, '2018-11-13', '2019-03-05', '22.41', NULL, NULL, '40.00', 1, 3, '2019-03-05 20:32:42', 'fb Kamil SÅ‚aby'),
(101, 100, '2018-11-13', NULL, '22.41', NULL, NULL, NULL, 1, 1, '2019-01-08 20:34:31', NULL),
(102, 100, '2018-11-13', NULL, '22.41', NULL, NULL, NULL, 1, 1, '2019-01-08 20:34:31', NULL),
(103, 64, '2018-11-13', '2019-01-16', '52.38', '116.00', 1, '90.98', 3, 3, '2019-01-23 23:00:13', ' Malinowa6666'),
(104, 64, '2018-11-13', '2019-02-10', '52.38', '116.00', 1, '86.48', 3, 3, '2019-02-18 18:32:11', '!g_56870588'),
(105, 64, '2018-11-13', '2019-03-05', '52.38', '116.00', 1, '86.48', 3, 2, '2019-03-05 20:23:57', 'Wolf2446'),
(106, 22, '2018-11-13', '2019-02-26', '100.75', NULL, NULL, '183.99', 2, 3, '2019-02-26 19:32:38', 'zaba19ccc'),
(107, 22, '2018-11-13', NULL, '100.75', NULL, NULL, NULL, 2, 1, '2019-01-17 16:10:28', NULL),
(108, 1, '2018-11-14', '2019-03-05', '83.33', NULL, NULL, '91.08', 1, 3, '2019-03-05 20:47:55', 'alinan3miasto'),
(109, 1, '2018-11-14', NULL, '83.33', NULL, NULL, NULL, 1, 1, '2019-01-17 16:10:44', NULL),
(110, 1, '2018-11-14', NULL, '83.33', NULL, NULL, NULL, 1, 1, '2019-01-17 16:10:44', NULL),
(111, 1, '2018-11-14', NULL, '83.33', NULL, NULL, NULL, 1, 1, '2019-01-17 16:10:44', NULL),
(112, 10, '2018-11-15', '2019-01-22', '85.96', '181.00', 1, '150.78', 1, 3, '2019-01-30 17:06:22', ' kamilcha1'),
(113, 10, '2018-11-15', '2019-01-29', '85.96', '181.00', 1, '151.28', 1, 3, '2019-02-07 17:52:02', 'Marciineekk'),
(114, 13, '2018-11-15', NULL, '90.40', NULL, NULL, NULL, 1, 1, '2019-01-17 16:20:33', NULL),
(115, 13, '2018-11-15', NULL, '90.40', NULL, NULL, NULL, 1, 1, '2019-01-17 16:20:33', NULL),
(116, 102, '2018-10-26', '2019-01-09', '25.89', NULL, NULL, '72.68', 14, 3, '2019-01-09 20:30:09', 'lkwi'),
(117, 102, '2018-10-26', '2019-02-03', '25.89', '91.50', 1, '68.08', 14, 3, '2019-02-13 20:03:06', 'kiilper'),
(118, 102, '2018-10-26', '2019-02-04', '25.89', NULL, NULL, '68.08', 14, 3, '2019-02-04 18:42:02', 'yelloworange6'),
(119, 102, '2018-10-26', '2019-02-26', '25.89', '88.50', 1, '63.48', 14, 3, '2019-03-07 15:58:57', '!g_57576333'),
(120, 11, '2018-11-27', NULL, '83.04', NULL, NULL, NULL, 8, 1, '2019-01-28 22:21:49', NULL),
(121, 11, '2018-11-27', NULL, '83.04', NULL, NULL, NULL, 8, 1, '2019-01-28 22:21:49', NULL),
(123, 64, '2018-11-29', NULL, '51.08', NULL, NULL, NULL, 3, 1, '2019-01-07 19:55:49', NULL),
(124, 64, '2018-11-29', NULL, '51.08', NULL, NULL, NULL, 3, 1, '2019-01-17 16:16:32', NULL),
(125, 64, '2018-11-29', NULL, '51.08', NULL, NULL, NULL, 3, 1, '2019-01-17 16:16:32', NULL),
(126, 64, '2018-11-29', NULL, '51.08', NULL, NULL, NULL, 3, 1, '2019-01-17 16:16:32', NULL),
(127, 98, '2018-11-29', NULL, '2.00', NULL, NULL, NULL, 1, NULL, '2018-11-29 00:00:00', NULL),
(138, 80, '2018-12-03', '2019-01-02', '85.04', NULL, NULL, '155.10', 6, 3, '2019-01-02 18:41:19', 'Rasta121'),
(139, 80, '2018-12-03', '2019-01-07', '85.04', NULL, NULL, '155.10', 6, 3, '2019-01-07 19:42:58', ' Bols1991'),
(140, 80, '2018-12-03', '2019-01-07', '85.04', '182.50', 1, '155.10', 6, 3, '2019-01-16 10:19:29', ' Client:44396978'),
(141, 80, '2018-12-03', '2019-01-09', '85.04', '182.50', 1, '155.10', 6, 3, '2019-01-17 16:01:09', 'michal8w5'),
(142, 70, '2018-12-03', NULL, '8.91', NULL, NULL, NULL, 11, 1, '2019-01-08 20:34:50', NULL),
(143, 70, '2018-12-03', NULL, '8.91', NULL, NULL, NULL, 11, 1, '2019-01-08 20:34:50', NULL),
(144, 70, '2018-12-03', NULL, '8.91', NULL, NULL, NULL, 11, 1, '2019-01-08 20:34:50', NULL),
(145, 70, '2018-12-03', NULL, '8.91', NULL, NULL, NULL, 11, 1, '2019-01-08 20:34:50', NULL),
(146, 70, '2018-12-03', NULL, '8.91', NULL, NULL, NULL, 11, 1, '2019-01-08 20:34:50', NULL),
(147, 61, '2018-12-05', '2019-02-06', '142.22', '192.49', 1, '160.99', 9, 3, '2019-02-15 18:49:56', 'dduel'),
(148, 61, '2018-12-05', '2019-02-08', '142.22', NULL, NULL, '160.99', 9, 3, '2019-02-08 20:02:55', 'Client:43297435'),
(149, 101, '2018-12-05', '2019-02-04', '21.14', NULL, NULL, '64.40', 4, 3, '2019-02-04 18:41:41', 'Migotka793'),
(150, 101, '2018-12-05', '2019-03-03', '21.14', NULL, NULL, '64.40', 4, 3, '2019-03-03 19:00:19', 'rzesza16'),
(151, 101, '2018-12-05', '2019-03-05', '21.14', NULL, NULL, '50.00', 4, 3, '2019-03-05 20:33:09', 'fb Kamil SÅ‚aby'),
(152, 101, '2018-12-05', NULL, '21.14', NULL, NULL, NULL, 4, 1, '2019-01-22 20:51:56', NULL),
(153, 101, '2018-12-05', NULL, '21.14', NULL, NULL, NULL, 4, 1, '2019-01-22 20:51:56', NULL),
(154, 62, '2018-12-05', '2019-01-31', '35.91', '106.50', 1, '81.88', 8, 3, '2019-02-13 20:03:13', 'Client:41159748'),
(155, 62, '2018-12-05', '2019-01-31', '35.91', NULL, NULL, '81.88', 8, 3, '2019-01-31 18:38:49', 'tamagoczi2'),
(156, 62, '2018-12-05', '2019-02-03', '35.91', NULL, NULL, '81.88', 8, 3, '2019-02-03 21:34:31', 'kamilo011'),
(157, 62, '2018-12-05', '2019-02-03', '35.91', NULL, NULL, '81.88', 8, 3, '2019-02-03 22:42:06', 'Moto_Doktor'),
(158, 40, '2018-12-10', '2018-12-10', '200.00', NULL, NULL, '269.08', 15, 3, '2018-12-10 08:43:29', NULL),
(159, 21, '2018-12-10', '2019-02-26', '123.50', NULL, NULL, '183.99', 2, 3, '2019-02-26 19:32:51', 'zaba19ccc'),
(160, 23, '2018-12-10', '2019-02-14', '150.73', NULL, NULL, '200.00', 2, 3, '2019-02-14 18:35:00', 'Warszawa 511777915'),
(161, 20, '2018-12-10', '2019-02-06', '120.00', NULL, NULL, '193.19', 2, 3, '2019-02-06 22:09:32', 'Fahr3nh3it'),
(162, 20, '2018-12-10', '2019-02-06', '120.00', '256.99', 1, '193.19', 2, 3, '2019-02-14 18:20:19', 'rafalprzybyla'),
(163, 40, '2018-12-11', '2018-12-11', '189.40', NULL, NULL, '269.08', 15, 3, '2018-12-11 13:49:20', NULL),
(164, 40, '2018-12-11', '2018-12-11', '202.93', NULL, NULL, '269.08', 15, 3, '2018-12-11 13:49:33', NULL),
(165, 80, '2018-12-13', '2019-01-23', '77.79', '182.50', 1, '155.10', 19, 3, '2019-01-31 18:41:06', 'krzysie_bzyk'),
(166, 80, '2018-12-13', '2019-01-28', '77.79', NULL, NULL, '155.10', 19, 3, '2019-01-28 21:17:03', 'michal_kubek'),
(167, 80, '2018-12-13', '2019-01-29', '77.79', NULL, NULL, '155.10', 19, 3, '2019-01-29 21:45:26', ' iwona_czd'),
(168, 80, '2018-12-13', '2019-01-31', '77.79', NULL, NULL, '155.10', 19, 3, '2019-01-31 18:36:15', ' !g_56332975'),
(169, 80, '2018-12-13', '2019-02-03', '77.79', NULL, NULL, '155.10', 19, 3, '2019-02-03 21:31:59', 'ferdek846'),
(170, 90, '2018-12-13', NULL, '36.79', NULL, NULL, NULL, 1, 1, '2019-02-07 21:18:58', NULL),
(171, 90, '2018-12-13', NULL, '36.79', NULL, NULL, NULL, 1, 1, '2019-02-07 21:18:58', NULL),
(172, 90, '2018-12-13', NULL, '36.79', NULL, NULL, NULL, 1, 1, '2019-02-07 21:18:58', NULL),
(173, 2, '2018-12-13', NULL, '76.83', NULL, NULL, NULL, 8, 1, '2019-02-09 23:50:05', NULL),
(174, 2, '2018-12-13', NULL, '76.83', NULL, NULL, NULL, 8, 1, '2019-02-09 23:50:05', NULL),
(175, 2, '2018-12-13', NULL, '76.83', NULL, NULL, NULL, 8, 1, '2019-02-09 23:50:05', NULL),
(176, 2, '2018-12-13', NULL, '76.83', NULL, NULL, NULL, 8, 1, '2019-02-09 23:50:05', NULL),
(177, 3, '2018-12-13', '2019-01-28', '66.00', NULL, NULL, '0.00', 8, 3, '2019-01-28 21:06:08', 'gwarancja'),
(178, 3, '2018-12-13', '2019-01-28', '57.47', NULL, NULL, '91.00', 8, 3, '2019-01-28 21:15:48', 'kuba19903'),
(179, 3, '2018-12-13', '2019-02-06', '57.47', NULL, NULL, '82.80', 8, 3, '2019-02-06 22:07:47', 'edekjohn'),
(180, 3, '2018-12-13', '2019-02-13', '66.00', NULL, NULL, '82.80', 8, 3, '2019-02-13 20:12:51', 'Client:43254588'),
(182, 41, '2018-12-18', '2018-12-18', '207.16', NULL, NULL, '296.68', 15, 3, '2018-12-18 09:37:35', NULL),
(183, 71, '2018-12-18', NULL, '28.13', NULL, NULL, NULL, 20, 1, '2019-02-08 19:55:49', NULL),
(184, 71, '2018-12-18', NULL, '28.13', NULL, NULL, NULL, 20, 1, '2019-02-08 19:55:49', NULL),
(185, 71, '2018-12-18', NULL, '28.13', NULL, NULL, NULL, 20, 1, '2019-02-08 19:55:49', NULL),
(186, 71, '2018-12-18', NULL, '28.13', NULL, NULL, NULL, 20, 1, '2019-02-08 19:55:49', NULL),
(187, 40, '2019-01-03', '2019-01-03', '201.00', NULL, NULL, '269.00', 15, 3, '2019-01-03 20:27:38', 'v8e30'),
(188, 42, '2019-01-07', '2019-01-12', '910.00', '1259.00', 1, '1174.00', 15, 3, '2019-01-22 20:11:02', 'Gremlin245'),
(189, 1, '2019-01-09', NULL, '64.67', NULL, NULL, NULL, 1, 1, '2019-02-09 23:50:39', NULL),
(190, 1, '2019-01-09', NULL, '64.67', NULL, NULL, NULL, 1, 1, '2019-02-09 23:50:39', NULL),
(191, 4, '2019-01-09', '2019-03-05', '71.01', '136.00', 1, '104.88', 1, 2, '2019-03-05 20:21:34', 'Denzel89 '),
(192, 4, '2019-01-09', '2019-03-05', '71.01', NULL, NULL, '100.00', 1, 3, '2019-03-05 20:34:45', 'Jacek PoczÄ…tek email'),
(193, 60, '2019-01-09', '2019-02-21', '46.38', '136.00', 1, '108.56', 3, 3, '2019-03-05 21:56:04', 'autotech1050'),
(194, 60, '2019-01-09', '2019-03-05', '46.38', NULL, NULL, '104.88', 3, 3, '2019-03-05 20:47:41', 'belweder325'),
(195, 60, '2019-01-09', '2019-03-07', '46.38', NULL, NULL, '104.88', 3, 3, '2019-03-07 14:36:32', 'cycu_gt'),
(196, 60, '2019-01-09', '2019-03-07', '46.38', '136.00', 1, '114.00', 3, 2, '2019-03-07 14:37:00', 'viva124'),
(197, 3, '2019-01-09', '2019-02-14', '66.00', '112.00', 1, '82.80', 8, 3, '2019-02-26 19:21:53', 'mini731'),
(198, 3, '2019-01-09', '2019-03-05', '66.00', NULL, NULL, '95.00', 8, 3, '2019-03-05 20:35:29', 'Jacek Poczatek email'),
(199, 30, '2019-01-09', '2019-02-07', '28.49', NULL, NULL, '55.19', 5, 3, '2019-02-07 19:42:49', 'mmaatteeuu'),
(200, 30, '2019-01-09', '2019-02-08', '28.49', NULL, NULL, '55.19', 5, 3, '2019-02-08 20:02:07', 'cienok'),
(201, 30, '2019-01-09', '2019-02-13', '28.49', NULL, NULL, '55.19', 5, 3, '2019-02-13 20:13:39', 'swirekk180 '),
(202, 30, '2019-01-09', '2019-03-03', '28.49', '77.49', 1, '55.19', 5, 2, '2019-03-03 19:06:15', 'Client:50429671'),
(203, 20, '2019-01-09', '2019-02-28', '95.01', NULL, NULL, '193.19', 21, 3, '2019-02-28 18:50:42', ' pablo_s2004'),
(204, 80, '2019-01-12', '2019-02-06', '83.54', NULL, NULL, '155.10', 7, 3, '2019-02-06 22:15:25', 'szymek_Golf'),
(205, 80, '2019-01-12', '2019-02-10', '83.54', '356.00', 1, '155.10', 7, 3, '2019-02-20 21:12:08', 'hornet96'),
(206, 80, '2019-01-12', '2019-02-11', '83.54', NULL, NULL, '155.10', 7, 3, '2019-02-11 21:23:33', 'bednar0809'),
(207, 80, '2019-01-12', '2019-02-11', '83.54', NULL, NULL, '155.10', 7, 3, '2019-02-11 21:23:48', ' zigzag82'),
(208, 102, '2019-01-12', NULL, '19.62', NULL, NULL, NULL, 21, 1, '2019-02-21 20:34:14', NULL),
(209, 102, '2019-01-12', NULL, '19.62', NULL, NULL, NULL, 21, 1, '2019-02-21 20:34:14', NULL),
(210, 102, '2019-01-12', NULL, '19.62', NULL, NULL, NULL, 21, 1, '2019-02-21 20:34:14', NULL),
(211, 102, '2019-01-12', NULL, '19.62', NULL, NULL, NULL, 21, 1, '2019-02-21 20:34:14', NULL),
(212, 101, '2019-01-16', NULL, '21.06', NULL, NULL, NULL, 4, 1, '2019-01-31 18:20:01', NULL),
(213, 101, '2019-01-16', NULL, '21.06', NULL, NULL, NULL, 4, 1, '2019-01-31 18:20:01', NULL),
(214, 101, '2019-01-16', NULL, '21.06', NULL, NULL, NULL, 4, 1, '2019-01-31 18:20:01', NULL),
(215, 101, '2019-01-16', NULL, '21.06', NULL, NULL, NULL, 4, 1, '2019-01-31 18:20:01', NULL),
(216, 101, '2019-01-16', NULL, '21.06', NULL, NULL, NULL, 4, 1, '2019-01-31 18:20:01', NULL),
(217, 53, '2019-01-24', NULL, '10.83', NULL, NULL, NULL, 9, 1, '2019-02-21 20:33:57', NULL),
(218, 53, '2019-01-24', NULL, '10.83', NULL, NULL, NULL, 9, 1, '2019-02-21 20:33:57', NULL),
(219, 53, '2019-01-24', NULL, '10.83', NULL, NULL, NULL, 9, 1, '2019-02-21 20:33:57', NULL),
(220, 53, '2019-01-24', NULL, '10.83', NULL, NULL, NULL, 9, 1, '2019-02-21 20:33:57', NULL),
(221, 53, '2019-01-24', NULL, '10.83', NULL, NULL, NULL, 9, 1, '2019-02-21 20:33:57', NULL),
(222, 80, '2019-01-24', '2019-02-13', '59.28', NULL, NULL, '155.10', 6, 3, '2019-02-13 20:12:28', '!g_56997277'),
(223, 80, '2019-01-24', '2019-02-17', '59.28', '173.00', 1, '155.50', 6, 3, '2019-02-26 19:21:31', 'email - pawel-bergmann'),
(224, 80, '2019-01-24', '2019-03-05', '59.28', NULL, NULL, '146.28', 6, 3, '2019-03-05 20:27:40', ' koras1992'),
(225, 80, '2019-01-24', '2019-03-05', '59.28', NULL, NULL, '146.28', 6, 3, '2019-03-05 20:27:46', ' koras1992'),
(226, 80, '2019-01-24', '2019-03-07', '59.28', NULL, NULL, '151.80', 6, 3, '2019-03-07 14:37:15', 'Danielxpompa'),
(227, 42, '2019-01-28', '2019-01-29', '970.35', '1259.00', 1, '1174.00', 15, 3, '2019-02-07 17:51:56', 'Kucharwolf'),
(228, 40, '2019-01-28', '2019-01-31', '203.10', '329.00', 1, '288.08', 15, 3, '2019-02-14 18:20:44', 'Client:47460733'),
(229, 10, '2019-01-28', '2019-02-10', '82.22', NULL, NULL, '155.48', 1, 3, '2019-02-10 19:20:43', ' szysza456'),
(230, 10, '2019-01-28', '2019-02-10', '82.22', NULL, NULL, '155.48', 1, 3, '2019-02-10 19:21:18', 'hornet96'),
(231, 21, '2019-01-31', NULL, '108.42', NULL, NULL, NULL, 1, 1, '2019-01-31 18:17:15', NULL),
(232, 23, '2019-01-31', NULL, '131.69', NULL, NULL, NULL, 2, 1, '2019-01-31 18:17:20', NULL),
(233, 62, '2019-02-03', '2019-03-05', '40.41', '97.49', 1, '73.59', 8, 2, '2019-03-05 20:25:34', 'Lukispeed007'),
(234, 62, '2019-02-03', NULL, '40.41', NULL, NULL, NULL, 8, 1, '2019-02-26 19:36:22', NULL),
(235, 62, '2019-02-03', NULL, '40.41', NULL, NULL, NULL, 8, 1, '2019-02-26 19:36:22', NULL),
(236, 62, '2019-02-03', NULL, '40.41', NULL, NULL, NULL, 8, 1, '2019-02-26 19:36:22', NULL),
(237, 40, '2019-02-04', '2019-02-04', '202.10', NULL, NULL, '248.08', 15, 3, '2019-02-04 20:11:46', 'bartosh97 '),
(238, 43, '2019-02-04', '2019-02-06', '1000.00', '1560.00', 1, '1200.00', 15, 3, '2019-02-14 18:20:03', 'Grzegorz Wilk'),
(239, 40, '2019-02-04', '2019-02-06', '231.75', '1560.00', 1, '275.00', 15, 3, '2019-02-14 18:19:57', 'Grzegorz Wilk'),
(240, 42, '2019-02-04', '2019-02-07', '963.01', '1259.00', 1, '1174.00', 1, 3, '2019-02-15 18:49:49', 'dangerous26'),
(241, 32, '2019-02-06', '2019-02-06', '28.89', NULL, NULL, '55.19', 1, 3, '2019-02-06 22:00:37', 'Client:56574679 '),
(242, 61, '2019-02-07', NULL, '106.06', NULL, NULL, NULL, 9, 1, '2019-02-26 21:11:32', NULL),
(243, 61, '2019-02-07', NULL, '106.06', NULL, NULL, NULL, 9, 1, '2019-02-26 21:11:32', NULL),
(244, 40, '2019-02-09', '2019-02-09', '202.83', NULL, NULL, '269.08', 15, 3, '2019-02-09 09:18:17', 'rafaelvip'),
(245, 44, '2019-02-09', '2019-02-09', '889.31', NULL, NULL, '1104.00', 15, 3, '2019-02-09 09:45:59', 'MDA-Moto'),
(246, 46, '2019-02-11', '2019-02-14', '946.53', '1060.00', 1, '1027.00', 15, 3, '2019-02-26 19:21:59', 'SMS 796030808'),
(247, 45, '2019-02-11', '2019-02-14', '970.00', NULL, NULL, '1174.00', 15, 3, '2019-02-14 18:30:28', '!g_56843609'),
(248, 40, '2019-02-11', '2019-02-14', '200.00', NULL, NULL, '200.00', 15, 3, '2019-02-14 18:31:52', '!g_56843609'),
(249, 40, '2019-02-11', '2019-02-17', '200.00', NULL, NULL, '150.00', 15, 3, '2019-02-17 20:27:41', '!g_56690540'),
(250, 40, '2019-02-11', '2019-02-17', '200.00', '320.00', 1, '150.00', 15, 3, '2019-02-26 19:21:39', '!g_56690540'),
(251, 43, '2019-02-11', '2019-02-14', '1051.73', '1400.00', 1, '1342.00', 15, 3, '2019-02-26 19:22:02', '!g_56690540'),
(252, 43, '2019-02-11', '2019-02-14', '1051.73', '1400.00', 1, '1342.00', 15, 3, '2019-02-26 19:22:02', '!g_56690540'),
(253, 80, '2019-02-13', NULL, '92.17', NULL, NULL, NULL, 7, 1, '2019-03-05 20:51:00', NULL),
(254, 80, '2019-02-13', NULL, '92.17', NULL, NULL, NULL, 7, 1, '2019-03-05 20:51:00', NULL),
(255, 80, '2019-02-13', NULL, '92.17', NULL, NULL, NULL, 7, 1, '2019-03-05 20:51:00', NULL),
(256, 80, '2019-02-13', NULL, '92.17', NULL, NULL, NULL, 7, 1, '2019-03-05 20:51:00', NULL),
(257, 50, '2019-02-13', NULL, '9.81', NULL, NULL, NULL, 10, 1, '2019-02-26 21:11:26', NULL),
(258, 50, '2019-02-13', NULL, '9.81', NULL, NULL, NULL, 10, 1, '2019-02-26 21:11:26', NULL),
(259, 50, '2019-02-13', NULL, '9.81', NULL, NULL, NULL, 10, 1, '2019-02-26 21:11:26', NULL),
(260, 50, '2019-02-13', NULL, '9.81', NULL, NULL, NULL, 10, 1, '2019-02-26 21:11:26', NULL),
(261, 20, '2019-02-13', NULL, '111.70', NULL, NULL, NULL, 21, NULL, '2019-02-13 20:00:14', NULL),
(262, 20, '2019-02-13', NULL, '111.70', NULL, NULL, NULL, 21, NULL, '2019-02-13 20:00:14', NULL),
(263, 47, '2019-02-15', '2019-02-26', '1068.69', '1370.00', NULL, '1337.00', 15, 3, '2019-03-05 21:55:53', 'Facebook PaweÅ‚ Skadorwa'),
(264, 48, '2019-02-20', '2019-02-20', '951.90', NULL, NULL, '1175.00', 15, 3, '2019-02-20 21:02:34', 'tuning205'),
(265, 41, '2019-02-26', '2019-03-02', '240.49', '349.00', 1, '309.18', 15, 2, '2019-03-02 09:50:54', 'Eryk1806'),
(266, 42, '2019-02-26', '2019-02-26', '935.25', NULL, NULL, '1194.00', 15, 3, '2019-02-26 19:20:39', 'gazel17'),
(267, 40, '2019-02-27', '2019-02-27', '200.00', NULL, NULL, '250.00', 15, 3, '2019-02-27 20:45:41', 'zajacxx '),
(268, 40, '2019-02-27', NULL, '200.00', NULL, NULL, NULL, 15, 1, '2019-03-05 20:30:48', NULL),
(269, 45, '2019-02-27', '2019-02-27', '1039.00', NULL, NULL, '1059.00', 15, 3, '2019-02-27 20:46:43', 'zajacxx '),
(270, 45, '2019-02-27', NULL, '1039.00', NULL, NULL, NULL, 15, 1, '2019-03-05 20:30:38', NULL),
(271, 30, '2019-02-27', NULL, '23.31', NULL, NULL, NULL, 1, NULL, '2019-02-27 20:53:09', NULL),
(272, 30, '2019-02-27', NULL, '23.31', NULL, NULL, NULL, 1, NULL, '2019-02-27 20:53:09', NULL),
(273, 30, '2019-02-27', NULL, '23.31', NULL, NULL, NULL, 1, NULL, '2019-02-27 20:53:09', NULL),
(274, 30, '2019-02-27', NULL, '23.31', NULL, NULL, NULL, 1, NULL, '2019-02-27 20:53:09', NULL),
(275, 10, '2019-02-27', NULL, '96.69', NULL, NULL, NULL, 8, NULL, '2019-02-27 20:54:25', NULL),
(276, 10, '2019-02-27', NULL, '96.69', NULL, NULL, NULL, 8, NULL, '2019-02-27 20:54:25', NULL),
(277, 40, '2019-03-03', NULL, '229.00', NULL, NULL, NULL, 15, NULL, '2019-03-03 20:49:51', NULL),
(278, 49, '2019-03-05', '2019-03-05', '229.00', NULL, NULL, '269.88', 15, 3, '2019-03-05 21:48:41', ' !g_58045988 '),
(279, 42, '2019-03-07', NULL, '933.12', NULL, NULL, NULL, 15, NULL, '2019-03-07 14:31:48', NULL),
(280, 44, '2019-03-07', NULL, '950.40', NULL, NULL, NULL, 15, NULL, '2019-03-07 14:32:24', NULL);

--
-- Indeksy dla zrzutów tabel
--

--
-- Indeksy dla tabeli `item`
--
ALTER TABLE `item`
  ADD PRIMARY KEY (`ID`);

--
-- Indeksy dla tabeli `seller`
--
ALTER TABLE `seller`
  ADD PRIMARY KEY (`ID`);

--
-- Indeksy dla tabeli `wskazniki`
--
ALTER TABLE `wskazniki`
  ADD PRIMARY KEY (`ID`);

--
-- AUTO_INCREMENT for dumped tables
--

--
-- AUTO_INCREMENT dla tabeli `item`
--
ALTER TABLE `item`
  MODIFY `ID` int(11) NOT NULL AUTO_INCREMENT, AUTO_INCREMENT=111;

--
-- AUTO_INCREMENT dla tabeli `seller`
--
ALTER TABLE `seller`
  MODIFY `ID` int(11) NOT NULL AUTO_INCREMENT, AUTO_INCREMENT=23;

--
-- AUTO_INCREMENT dla tabeli `wskazniki`
--
ALTER TABLE `wskazniki`
  MODIFY `ID` int(11) NOT NULL AUTO_INCREMENT, AUTO_INCREMENT=281;
COMMIT;

/*!40101 SET CHARACTER_SET_CLIENT=@OLD_CHARACTER_SET_CLIENT */;
/*!40101 SET CHARACTER_SET_RESULTS=@OLD_CHARACTER_SET_RESULTS */;
/*!40101 SET COLLATION_CONNECTION=@OLD_COLLATION_CONNECTION */;
